﻿"Variable / Field Name","Form Name","Section Header","Field Type","Field Label","Choices, Calculations, OR Slider Labels","Field Note","Text Validation Type OR Show Slider Number","Text Validation Min","Text Validation Max",Identifier?,"Branching Logic (Show field only if...)","Required Field?","Custom Alignment","Question Number (surveys only)","Matrix Group Name","Matrix Ranking?","Field Annotation"
record_id,epireg_minimal_dataset,,text,"Record ID",,,,,,,,,,,,,
id_er,epireg_minimal_dataset,"<div class=""rich-text-field-label""><h3><span style=""text-decoration: underline;"">Minimal Dataset</span></h3></div>",text,"EpiReg local ID",,,,,,,,y,,,,,
inst_respons_er,epireg_minimal_dataset,,dropdown,"Institution responsible","1, Aachen|2, Berlin|3, Denmark|4, Heidelberg|5, Leipzig|6, Munich|7, Neuruppin|8, Tuebingen|9, Vogtareuth|10, Zurich",,,,,,,y,,,,,
yr_birth_er,epireg_minimal_dataset,,text,"Year of birth",,,integer,1850,9999,,,,,,,,
sex_er,epireg_minimal_dataset,,dropdown,"Sex (biological/at birth)","1, female|2, male|3, intersex|4, unknown",,,,,,,,RH,,,,
ethnic_er,epireg_minimal_dataset,,dropdown,Ethnicity,"1, European (Non-Finnish) | 2, European (Finnish) | 3, Middle Eastern | 4, South Asian | 5, East Asian | 6, Admixed American | 7, African/African American | 8, Ashkenazi Jewish | 9, Amish | 10, Remaining | 11, Unknown",,,,,,,,,,,,
ethnic_free_er,epireg_minimal_dataset,,text,"Please specify ethnicity",,,,,,,"[ethnic_er] = '10'",,,,,,
epi_class_er,epireg_minimal_dataset,"Epilepsy classification",radio,"Epilepsy classification","1, Focal | 2, Generalized | 3, Focal und generalized | 4, Unknown",,,,,,,y,,,,,
etiology_epi_er,epireg_minimal_dataset,Etiology,checkbox,Etiology,"1, Genetic | 2, Structural | 3, Metabolic | 4, Immunological | 5, Infectious | 6, Unknown","Multiple answers possible, please specify below",,,,,,,,,,,
genetic_er,epireg_minimal_dataset,,checkbox,Genetic,"1, Chromosomenanomaly / CNV | 2, Gene variant(s) | 3, Polygenetic | 4, Other | 5, Unknown","Multiple answers possible",,,,,"[etiology_epi_er(1)] = '1'",,,,,,
structural_er,epireg_minimal_dataset,,checkbox,Structural,"1, Malformation in cortical development | 2, Vascular malformation | 3, Hippocampal sclerosis | 4, Hypoxic-ischemic structural alterations | 5, Low grade epilepsy-associated tumor (LEAT) | 6, Other tumor | 7, Trauma | 8, Stroke | 9, Other | 10, Unknown","Multiple answers possible",,,,,"[etiology_epi_er(2)] = '1'",,,,,,
metabolic_er,epireg_minimal_dataset,,radio,Metabolic,"1, Glucose-transporter-1 deficiency | 2, Biotinidase and holocarboxylase synthetase deficiency | 3, Cerebral folate deficiency | 4, Creatine deficiency syndrome | 5, Folinic acid responsive seizures | 6, Mitochondrial diseases | 7, Peroxissomal diseases | 8, Pyridoxine-dependent epilepsy/ PNPO deficiency | 9, Other | 10, Unknown",,,,,,"[etiology_epi_er(3)] = '1'",,,,,,
immunological_er,epireg_minimal_dataset,,checkbox,Immunological,"1, Rasmussen encephalitis | 2, Antibody-mediated (specify below!) | 3, Antibody-negative encephalitis | 4, NORSE/FIRES | 5, Other | 6, Unknown","Multiple answers possible",,,,,"[etiology_epi_er(4)] = '1'",,,,,,
ab_mediated_er,epireg_minimal_dataset,,radio,"Specification: Antibody-mediated","1, Anti-NMDAR | 2, Anti-LGI1 | 3, Anti-CASPR2 | 4, Anti-GAD65 | 5, Anti-GABAAR | 6, Anti AMPAR | 7, Encephalopathy with thyroid antibody | 8, Celiac disease: epilepsy and cerebral calcifications syndrome | 9, Other | 10, Unknown",,,,,,"[immunological_er(2)] = '1'",,,,,,
infectious_er,epireg_minimal_dataset,,checkbox,Infectious,"1, Bacterial meningoencephalitis | 2, Viral encephalitis | 3, Toxoplasmosis | 4, CMV | 5, Malaria | 6, Neurocystericose | 7, Tuberculosis | 8, HIV | 9, Other | 10, Unknown","Multiple answers possible",,,,,"[etiology_epi_er(5)] = '1'",,,,,,
unknown_etiology_er,epireg_minimal_dataset,,notes,"Please comment on unknown etiology",,,,,,,"[etiology_epi_er(6)] = '1'",,,,,,
epi_syn_yn_er,epireg_minimal_dataset,"Epilepsy syndrome",yesno,"Epilepsy syndrome described?",,,,,,,,,,,,,
age_syn_ilae_er,epireg_minimal_dataset,,dropdown,"Age group syndrome ILAE","1, Neonatal-infant|2, Childhood|3, Idiopathic generalized epilepsies|4, Variable age",,,,,,"[epi_syn_yn_er] = '1'",,,,,,
neon_infant_syn_er,epireg_minimal_dataset,,checkbox,"Neonatal-infant syndrome","1, CDKL5-developmental and epileptic encephalopathy|2, Dravet syndrome|3, Early infantile developmental and epileptic encephalopathy|4, Epilepsy of infancy with migrating focal seizures|5, Genetic epilepsy with febrile seizures plus|6, Gelastic seizures with hypothalamic hamartoma|7, Glucose transporter 1 deficiency syndrome|8, Infantile epileptic spasm syndrome|9, KCNQ2-developmental and epileptic encephalopathy|10, Myoclonic epilepsy in infancy|11, Protocadherin 19 clustering epilepsy|12, Pyridoxine-dependent (ALDH7A1) developmental and epileptic encephalopathy|13, Pyridox(am)ine 5′-phosphate deficiency (PNPO) developmental and epileptic encephalopathy|14, Self-limited familial neonatal-infantile epilepsy|15, Self-limited infantile epilepsy|16, Self-limited neonatal epilepsy|17, Sturge-Weber syndrome|18, Other neonatal-infant syndrome",,,,,,"[age_syn_ilae_er] = '1'",,,,,,
child_syn_er,epireg_minimal_dataset,,checkbox,"Childhood syndrome","1, Childhood occipital visual epilepsy|2, Developmental and epileptic encephalopathy with spike- and-wave activation in sleep|3, Epileptic encephalopathy with spike-and-wave activation in sleep|4, Epilepsy with eyelid myoclonia|5, Epilepsy with myoclonic absences|6, Epilepsy with myoclonic-atonic seizures|7, Febrile infection-related epilepsy syndrome|8, Hemiconvulsion-hemiplegia epilepsy syndrome|9, Lennox-Gastaut syndrome|10, Photosensitive occipital lobe epilepsy|11, Self-limited epilepsy with autonomic seizures|12, Self-limited epilepsy with centrotemporal spikes|13, Other childhood syndrome",,,,,,"[age_syn_ilae_er] = '2'",,,,,,
idiop_gen_syn_er,epireg_minimal_dataset,,checkbox,"Idiopathic generalized syndrome","1, Childhood absence epilepsy|2, Epilepsy with generalized tonic-clonic seizures alone|3, Juvenile absence epilepsy|4, Juvenile myoclonic epilepsy|5, Other idiopathic generalized syndrome",,,,,,"[age_syn_ilae_er] = '3'",,,,,,
variable_age_syn_er,epireg_minimal_dataset,,checkbox,"Variable age syndrome","1, Epilepsy with auditory features|2, Epilepsy with reading-induced seizures|3, Familial focal epilepsy with variable foci|4, Familial mesial temporal lobe epilepsy|5, Mesial temporal lobe epilepsy with hippocampal sclerosis|6, Progressive myoclonus epilepsies|7, Rasmussen syndrome|8, Sleep-related hypermotor (hyperkinetic) epilepsy|9, Other variable age syndrome",,,,,,"[age_syn_ilae_er] = '4'",,,,,,
age_fds_er,epireg_minimal_dataset,"Age at first documented seizure",radio,"Age at first documented seizure","1, Prenatal | 2, Neonate or newborn (birth through 1 month) | 3, Infant (1 month through 11 months) | 4, Child (1 year through 12 years) | 5, Adolescent  (13 years through 17 years) | 6, Adult (18 years through 64 years) | 7, Older adult (65 and older) | 8, Unknown",,,,,,,y,,,,,
type_gen_perf_er,epireg_minimal_dataset,"Genetic analysis",checkbox,"Type of genetic analysis performed","1, Single gene or panel | 2, Whole Exome (WES) | 3, Trio Whole Exome (WES) | 4, Whole Genome (WGS) | 5, Metaphase chromosome analysis | 6, Array-CGH | 7, Other | 8, No genetic analysis performed","Multiple answers possible",,,,,,,,,,,
other_type_gen_er,epireg_minimal_dataset,,text,"Other type of genetic analysis performed",,"Please specify other type of genetic analysis",,,,,"[type_gen_perf_er(7)] = '1'",,,,,,
date_mra_er,epireg_minimal_dataset,,text,"<div class=""rich-text-field-label""><p>Date of most recent analysis</p></div>",,,date_dmy,,,,"[type_gen_perf_er(1)] = '1' or [type_gen_perf_er(2)] = '1' or [type_gen_perf_er(3)] = '1' or [type_gen_perf_er(4)] = '1' or [type_gen_perf_er(5)] = '1' or [type_gen_perf_er(6)] = '1' or [type_gen_perf_er(7)] = '1'",,RH,,,,
evid_var_er,epireg_minimal_dataset,Variants,radio,"Evidence of found variants","0, 0 Variants | 1, 1 Variants | 2, 2 Variants | 3, 3 Variants | 4, 4 Variants | 5, 5 Variants","In case of compound heterozygous variants, please enter variants separately!",,,,,"[type_gen_perf_er(1)] = '1' or [type_gen_perf_er(2)] = '1' or [type_gen_perf_er(3)] = '1' or [type_gen_perf_er(4)] = '1'",,,,,,
var1_cnv_mon_er,epireg_minimal_dataset,"Variant 1",dropdown,"Variant 1: CNV or monogenic variant?","1, CNV|2, Monogenic",,,,,,"[evid_var_er] = '1' or [evid_var_er] = '2' or [evid_var_er] = '3' or [evid_var_er] = '4' or [evid_var_er] = '5'",,RH,,,,
var1_cnv_type_er,epireg_minimal_dataset,,radio,"Variant 1: Type of CNV","1, Deletion|2, Duplication|3, Other",,,,,,"[var1_cnv_mon_er] = '1'",,,,,,
var1_chrom_pos_er,epireg_minimal_dataset,,text,"Variant 1: Chromosomal position",,"e.g. ""6q21""",,,,,"[var1_cnv_mon_er] = '1'",,,,,,
var1_cnv_desc_er,epireg_minimal_dataset,,text,"Variant 1: CNV description",,"e.g. ""transposition""",,,,,"[var1_cnv_mon_er] = '1'",,,,,,
var1_gen_name_er,epireg_minimal_dataset,,text,"<div class=""rich-text-field-label""><p>Variant 1: Gene name HGNC</p> <p> </p> <p>(<a href=""https://www.genenames.org/"">https://www.genenames.org/</a>)</p></div>",,,,,,,"[var1_cnv_mon_er] = '2'",,,,,,
var1_transc_er,epireg_minimal_dataset,,text,"Variant 1: Transcript",,"e.g. ""NM_178642""",,,,,"[var1_cnv_mon_er] = '1' or [var1_cnv_mon_er] = '2'",,,,,,
var1_gen_pos_er,epireg_minimal_dataset,,text,"Variant 1: Genomic position",,"e.g. ""Chr22:g.318756331C>G (hg38)""",,,,,"[var1_cnv_mon_er] = '1' or [var1_cnv_mon_er] = '2'",,,,,,
var1_c_dna_ch_er,epireg_minimal_dataset,,text,"Variant 1: Variant c.DNA change",,"e.g. ""c.423C>G""",,,,,"[var1_cnv_mon_er] = '1' or [var1_cnv_mon_er] = '2'",,,,,,
var1_prot_ch_er,epireg_minimal_dataset,,text,"Variant 1: Variant protein change",,"e.g. ""p.Asn189Gln""",,,,,"[var1_cnv_mon_er] = '1' or [var1_cnv_mon_er] = '2'",,,,,,
var1_denovo_er,epireg_minimal_dataset,,dropdown,"Variant 1: Is variant de novo?","1, Yes|2, No|3, Unknown",,,,,,"[var1_cnv_mon_er] = '1' or [var1_cnv_mon_er] = '2'",,,,,,
var1_zygos_er,epireg_minimal_dataset,,dropdown,"Variant 1: Zygosity","1, Homozygous|2, Heterozygous|3, Compound heterozygous|4, Hemizygous|5, Unknown",,,,,,"[var1_cnv_mon_er] = '1' or [var1_cnv_mon_er] = '2'",,,,,,
var1_class_acmg_er,epireg_minimal_dataset,,radio,"Variant 1: Variant classification (ACMG)","1, Benign variant|2, Likely benign variant|3, Variant of uncertain significance, VUS|4, Likely pathogenic variant|5, Pathogenic variant",,,,,,"[var1_cnv_mon_er] = '1' or [var1_cnv_mon_er] = '2'",,LV,,,,
var2_cnv_mon_er,epireg_minimal_dataset,"Variant 2",dropdown,"Variant 2: CNV or monogenic variant?","1, CNV|2, Monogenic",,,,,,"[evid_var_er] = '2' or [evid_var_er] = '3' or [evid_var_er] = '4' or [evid_var_er] = '5'",,RH,,,,
var2_cnv_type_er,epireg_minimal_dataset,,radio,"Variant 2: Type of CNV","1, Deletion|2, Duplication|3, Other",,,,,,"[var2_cnv_mon_er] = '1'",,,,,,
var2_chrom_pos_er,epireg_minimal_dataset,,text,"Variant 2: Chromosomal position",,"e.g. ""6q21""",,,,,"[var2_cnv_mon_er] = '1'",,,,,,
var2_cnv_desc_er,epireg_minimal_dataset,,text,"Variant 2: CNV description",,"e.g. ""transposition""",,,,,"[var2_cnv_mon_er] = '1'",,,,,,
var2_gen_name_er,epireg_minimal_dataset,,text,"<div class=""rich-text-field-label""><p>Variant 2: Gene name HGNC</p> <p> </p> <p>(<a href=""https://www.genenames.org/"">https://www.genenames.org/</a>)</p></div>",,,,,,,"[var2_cnv_mon_er] = '2'",,,,,,
var2_transc_er,epireg_minimal_dataset,,text,"Variant 2: Transcript",,"e.g. ""NM_178642""",,,,,"[var2_cnv_mon_er] = '1' or [var2_cnv_mon_er] = '2'",,,,,,
var2_gen_pos_er,epireg_minimal_dataset,,text,"Variant 2: Genomic position",,"e.g. ""Chr22:g.318756331C>G (hg38)""",,,,,"[var2_cnv_mon_er] = '1' or [var2_cnv_mon_er] = '2'",,,,,,
var2_c_dna_ch_er,epireg_minimal_dataset,,text,"Variant 2: Variant c.DNA change",,"e.g. ""c.423C>G""",,,,,"[var2_cnv_mon_er] = '1' or [var2_cnv_mon_er] = '2'",,,,,,
var2_prot_ch_er,epireg_minimal_dataset,,text,"Variant 2: Variant protein change",,"e.g. ""p.Asn189Gln""",,,,,"[var2_cnv_mon_er] = '1' or [var2_cnv_mon_er] = '2'",,,,,,
var2_denovo_er,epireg_minimal_dataset,,dropdown,"Variant 2: Is variant de novo?","1, Yes|2, No|3, Unknown",,,,,,"[var2_cnv_mon_er] = '1' or [var2_cnv_mon_er] = '2'",,,,,,
var2_zygos_er,epireg_minimal_dataset,,dropdown,"Variant 2: Zygosity","1, Homozygous|2, Heterozygous|3, Compound heterozygous|4, Hemizygous|5, Unknown",,,,,,"[var2_cnv_mon_er] = '1' or [var2_cnv_mon_er] = '2'",,,,,,
var2_class_acmg_er,epireg_minimal_dataset,,radio,"Variant 2: Variant classification (ACMG)","1, Benign variant|2, Likely benign variant|3, Variant of uncertain significance, VUS|4, Likely pathogenic variant|5, Pathogenic variant",,,,,,"[var2_cnv_mon_er] = '1' or [var2_cnv_mon_er] = '2'",,LV,,,,
var3_cnv_mon_er,epireg_minimal_dataset,"Variant 3<br><br>",dropdown,"Variant 3: CNV or monogenic variant?","1, CNV|2, Monogenic",,,,,,"[evid_var_er] = '3' or [evid_var_er] = '4' or [evid_var_er] = '5'",,RH,,,,
var3_cnv_type_er,epireg_minimal_dataset,,radio,"Variant 3: Type of CNV","1, Deletion|2, Duplication|3, Other",,,,,,"[var3_cnv_mon_er] = '1'",,,,,,
var3_chrom_pos_er,epireg_minimal_dataset,,text,"Variant 3: Chromosomal position",,"e.g. ""6q21""",,,,,"[var3_cnv_mon_er] = '1'",,,,,,
var3_cnv_desc_er,epireg_minimal_dataset,,text,"Variant 3: CNV description",,"e.g. ""transposition""",,,,,"[var3_cnv_mon_er] = '1'",,,,,,
var3_gen_name_er,epireg_minimal_dataset,,text,"<div class=""rich-text-field-label""><p>Variant 3: Gene name HGNC</p> <p> </p> <p>(<a href=""https://www.genenames.org/"">https://www.genenames.org/</a>)</p></div>",,,,,,,"[var3_cnv_mon_er] = '2'",,,,,,
var3_transc_er,epireg_minimal_dataset,,text,"Variant 3: Transcript",,"e.g. ""NM_178642""",,,,,"[var3_cnv_mon_er] = '1' or [var3_cnv_mon_er] = '2'",,,,,,
var3_gen_pos_er,epireg_minimal_dataset,,text,"Variant 3: Genomic position",,"e.g. ""Chr22:g.318756331C>G (hg38)""",,,,,"[var3_cnv_mon_er] = '1' or [var3_cnv_mon_er] = '2'",,,,,,
var3_c_dna_ch_er,epireg_minimal_dataset,,text,"Variant 3: Variant c.DNA change",,"e.g. ""c.423C>G""",,,,,"[var3_cnv_mon_er] = '1' or [var3_cnv_mon_er] = '2'",,,,,,
var3_prot_ch_er,epireg_minimal_dataset,,text,"Variant 3: Variant protein change",,"e.g. ""p.Asn189Gln""",,,,,"[var3_cnv_mon_er] = '1' or [var3_cnv_mon_er] = '2'",,,,,,
var3_denovo_er,epireg_minimal_dataset,,dropdown,"Variant 3: Is variant de novo?","1, Yes|2, No|3, Unknown",,,,,,"[var3_cnv_mon_er] = '1' or [var3_cnv_mon_er] = '2'",,,,,,
var3_zygos_er,epireg_minimal_dataset,,dropdown,"Variant 3: Zygosity","1, Homozygous|2, Heterozygous|3, Compound heterozygous|4, Hemizygous|5, Unknown",,,,,,"[var3_cnv_mon_er] = '1' or [var3_cnv_mon_er] = '2'",,,,,,
var3_class_acmg_er,epireg_minimal_dataset,,radio,"Variant 3: Variant classification (ACMG)","1, Benign variant|2, Likely benign variant|3, Variant of uncertain significance, VUS|4, Likely pathogenic variant|5, Pathogenic variant",,,,,,"[var3_cnv_mon_er] = '1' or [var3_cnv_mon_er] = '2'",,LV,,,,
var4_cnv_mon_er,epireg_minimal_dataset,"Variant 4",dropdown,"Variant 4: CNV or monogenic variant?","1, CNV|2, Monogenic",,,,,,"[evid_var_er] = '4' or [evid_var_er] = '5'",,RH,,,,
var4_cnv_type_er,epireg_minimal_dataset,,radio,"Variant 4: Type of CNV","1, Deletion|2, Duplication|3, Other",,,,,,"[var4_cnv_mon_er] = '1'",,,,,,
var4_chrom_pos_er,epireg_minimal_dataset,,text,"Variant 4: Chromosomal position",,"e.g. ""6q21""",,,,,"[var4_cnv_mon_er] = '1'",,,,,,
var4_cnv_desc_er,epireg_minimal_dataset,,text,"Variant 4: CNV description",,"e.g. ""transposition""",,,,,"[var4_cnv_mon_er] = '1'",,,,,,
var4_gen_name_er,epireg_minimal_dataset,,text,"<div class=""rich-text-field-label""><p>Variant 4: Gene name HGNC</p> <p> </p> <p>(<a href=""https://www.genenames.org/"">https://www.genenames.org/</a>)</p></div>",,,,,,,"[var4_cnv_mon_er] = '2'",,,,,,
var4_transc_er,epireg_minimal_dataset,,text,"Variant 4: Transcript",,"e.g. ""NM_178642""",,,,,"[var4_cnv_mon_er] = '1' or [var4_cnv_mon_er] = '2'",,,,,,
var4_gen_pos_er,epireg_minimal_dataset,,text,"Variant 4: Genomic position",,"e.g. ""Chr22:g.318756331C>G (hg38)""",,,,,"[var4_cnv_mon_er] = '1' or [var4_cnv_mon_er] = '2'",,,,,,
var4_c_dna_ch_er,epireg_minimal_dataset,,text,"Variant 4: Variant c.DNA change",,"e.g. ""c.423C>G""",,,,,"[var4_cnv_mon_er] = '1' or [var4_cnv_mon_er] = '2'",,,,,,
var4_prot_ch_er,epireg_minimal_dataset,,text,"Variant 4: Variant protein change",,"e.g. ""p.Asn189Gln""",,,,,"[var4_cnv_mon_er] = '1' or [var4_cnv_mon_er] = '2'",,,,,,
var4_denovo_er,epireg_minimal_dataset,,dropdown,"Variant 4: Is variant de novo?","1, Yes|2, No|3, Unknown",,,,,,"[var4_cnv_mon_er] = '1' or [var4_cnv_mon_er] = '2'",,,,,,
var4_zygos_er,epireg_minimal_dataset,,dropdown,"Variant 4: Zygosity","1, Homozygous|2, Heterozygous|3, Compound heterozygous|4, Hemizygous|5, Unknown",,,,,,"[var4_cnv_mon_er] = '1' or [var4_cnv_mon_er] = '2'",,,,,,
var4_class_acmg_er,epireg_minimal_dataset,,radio,"Variant 4: Variant classification (ACMG)","1, Benign variant|2, Likely benign variant|3, Variant of uncertain significance, VUS|4, Likely pathogenic variant|5, Pathogenic variant",,,,,,"[var4_cnv_mon_er] = '1' or [var4_cnv_mon_er] = '2'",,LV,,,,
var5_cnv_mon_er,epireg_minimal_dataset,"Variant 5",dropdown,"Variant 5: CNV or monogenic variant?","1, CNV|2, Monogenic",,,,,,"[evid_var_er] = '5'",,RH,,,,
var5_cnv_type_er,epireg_minimal_dataset,,radio,"Variant 5: Type of CNV","1, Deletion|2, Duplication|3, Other",,,,,,"[var5_cnv_mon_er] = '1'",,,,,,
var5_chrom_pos_er,epireg_minimal_dataset,,text,"Variant 5: Chromosomal position",,"e.g. ""6q21""",,,,,"[var5_cnv_mon_er] = '1'",,,,,,
var5_cnv_desc_er,epireg_minimal_dataset,,text,"Variant 5: CNV description",,"e.g. ""transposition""",,,,,"[var5_cnv_mon_er] = '1'",,,,,,
var5_gen_name_er,epireg_minimal_dataset,,text,"<div class=""rich-text-field-label""><p>Variant 5: Gene name HGNC</p> <p> </p> <p>(<a href=""https://www.genenames.org/"">https://www.genenames.org/</a>)</p></div>",,,,,,,"[var5_cnv_mon_er] = '2'",,,,,,
var5_transc_er,epireg_minimal_dataset,,text,"Variant 5: Transcript",,"e.g. ""NM_178642""",,,,,"[var5_cnv_mon_er] = '1' or [var5_cnv_mon_er] = '2'",,,,,,
var5_gen_pos_er,epireg_minimal_dataset,,text,"Variant 5: Genomic position",,"e.g. ""Chr22:g.318756331C>G (hg38)""",,,,,"[var5_cnv_mon_er] = '1' or [var5_cnv_mon_er] = '2'",,,,,,
var5_c_dna_ch_er,epireg_minimal_dataset,,text,"Variant 5: Variant c.DNA change",,"e.g. ""c.423C>G""",,,,,"[var5_cnv_mon_er] = '1' or [var5_cnv_mon_er] = '2'",,,,,,
var5_prot_ch_er,epireg_minimal_dataset,,text,"Variant 5: Variant protein change",,"e.g. ""p.Asn189Gln""",,,,,"[var5_cnv_mon_er] = '1' or [var5_cnv_mon_er] = '2'",,,,,,
var5_denovo_er,epireg_minimal_dataset,,dropdown,"Variant 5: Is variant de novo?","1, Yes|2, No|3, Unknown",,,,,,"[var5_cnv_mon_er] = '1' or [var5_cnv_mon_er] = '2'",,,,,,
var5_zygos_er,epireg_minimal_dataset,,dropdown,"Variant 5: Zygosity","1, Homozygous|2, Heterozygous|3, Compound heterozygous|4, Hemizygous|5, Unknown",,,,,,"[var4_cnv_mon_er] = '1' or [var4_cnv_mon_er] = '2'",,,,,,
var5_class_acmg_er,epireg_minimal_dataset,,radio,"Variant 5: Variant classification (ACMG)","1, Benign variant|2, Likely benign variant|3, Variant of uncertain significance, VUS|4, Likely pathogenic variant|5, Pathogenic variant",,,,,,"[var5_cnv_mon_er] = '1' or [var5_cnv_mon_er] = '2'",,LV,,,,
meta_chrom_analysis_er,epireg_minimal_dataset,"Chromosome analysis",radio,"Metaphase chromosome analysis","1, Normal finding | 2, Conspicuous finding",,,,,,"[type_gen_perf_er(5)] = '1'",,LH,,,,
find_meta_chrom_er,epireg_minimal_dataset,,text,"Findings metaphase chromosome analysis",,"Please add chromosome formula here",,,,,"[type_gen_perf_er(5)] = '1'",,RH,,,,
array_cgh_er,epireg_minimal_dataset,Array-CGH,radio,Array-CGH,"1, Normal finding | 2, Conspicuous finding",,,,,,"[type_gen_perf_er(6)] = '1'",,LH,,,,
result_array_cgh_er,epireg_minimal_dataset,,text,"Findings Array-CGH",,"Please add chromosome formula here",,,,,"[type_gen_perf_er(6)] = '1'",,RH,,,,
acmg_class_er,epireg_minimal_dataset,,radio,"ACMG classification Array-CGH","1, Benign variant | 2, Likely benign variant | 3, Variant of uncertain significance, VUS | 4, Likely pathogenic variant | 5, Pathogenic variant",,,,,,"[type_gen_perf_er(6)] = '1'",,LV,,,,
up_gen_doc_anonym_er,epireg_minimal_dataset,"Optional: Upload documents",file,"Optional: Upload documents (anonymized data only!)",,,,,,,,,,,,,
opt_data_yn_er,epireg_minimal_dataset,"<div class=""rich-text-field-label""><h3><span style=""text-decoration: underline;""><span style=""color: #000000; text-decoration: underline;"">Optional dataset</span></span></h3></div>",yesno,"Optional data available?",,,,,,,,,,,,,
